[Header],,,,,,,,,
IEMFileVersion,4,,,,,,,,
Investigator Name,Tricia,,,,,,,,
Experiment Name,Pericarp_Favor,,,,,,,,
Date,7/10/25,,,,,,,,
Workflow,GenerateFASTQ,,,,,,,,
Application,FASTQ Only,,,,,,,,
Assay,Schloss_A,,,,,,,,
Description,TemplateSampleSheet,,,,,,,,
Chemistry,Amplicon,,,,,,,,
,,,,,,,,,
[Reads],,,,,,,,,
251,,,,,,,,,
251,,,,,,,,,
,,,,,,,,,
[Settings],,,,,,,,,
ReverseComplement,0,,,,,,,,
,,,,,,,,,
[Data],,,,,,,,,
Sample_ID,Sample_Name,Sample_Plate,Sample_Well,I7_Index_ID,index,I5_Index_ID,index2,Sample_Project,Description
1A1,S12-PHG47-2,16SschemeA,A01,SA701,CGAGAGTT,SA501,ATCGTACG,Favor19Microbiomes9Lines,
1A2,S12-764-2,16SschemeA,A02,SA702,GACATAGT,SA501,ATCGTACG,Favor19Microbiomes9Lines,
1A3,S12-HP301-2,16SschemeA,A03,SA703,ACGCTACT,SA501,ATCGTACG,Favor19Microbiomes9Lines,
1A4,S12-PHG39-2,16SschemeA,A04,SA704,ACTCACTG,SA501,ATCGTACG,Favor19Microbiomes9Lines,
1A5,S12-A554-2,16SschemeA,A05,SA705,TGAGTACG,SA501,ATCGTACG,Favor19Microbiomes9Lines,
1A6,S12-PHG35-2,16SschemeA,A06,SA706,CTGCGTAG,SA501,ATCGTACG,Favor19Microbiomes9Lines,
1A7,S12-FBB0-2,16SschemeA,A07,SA707,TAGTCTCC,SA501,ATCGTACG,Favor19Microbiomes9Lines,
1A8,S12-NC262-2,16SschemeA,A08,SA708,CGAGCGAC,SA501,ATCGTACG,Favor19Microbiomes9Lines,
1A9,S12-LH60-2,16SschemeA,A09,SA709,ACTACGAC,SA501,ATCGTACG,Favor19Microbiomes9Lines,
1A10,S12-B57-2,16SschemeA,A10,SA710,GTCTGCTA,SA501,ATCGTACG,Favor19Microbiomes9Lines,
1A11,S6-A554-2,16SschemeA,A11,SA711,GTCTATGA,SA501,ATCGTACG,Favor19Microbiomes9Lines,
1A12,S6-LH60-2,16SschemeA,A12,SA712,TATAGCGA,SA501,ATCGTACG,Favor19Microbiomes9Lines,
1B1,S3-HP301-2,16SschemeA,B01,SA701,CGAGAGTT,SA502,ACTATCTG,Favor19Microbiomes9Lines,
1B2,S3-FBB0-2,16SschemeA,B02,SA702,GACATAGT,SA502,ACTATCTG,Favor19Microbiomes9Lines,
1B3,S3-B57-2,16SschemeA,B03,SA703,ACGCTACT,SA502,ACTATCTG,Favor19Microbiomes9Lines,
1B4,S3-PHG39-2,16SschemeA,B04,SA704,ACTCACTG,SA502,ACTATCTG,Favor19Microbiomes9Lines,
1B5,S3-A554-2,16SschemeA,B05,SA705,TGAGTACG,SA502,ACTATCTG,Favor19Microbiomes9Lines,
1B6,S3-NC262-2,16SschemeA,B06,SA706,CTGCGTAG,SA502,ACTATCTG,Favor19Microbiomes9Lines,
1B7,S3-764-2,16SschemeA,B07,SA707,TAGTCTCC,SA502,ACTATCTG,Favor19Microbiomes9Lines,
1B8,S3-PHG35-2,16SschemeA,B08,SA708,CGAGCGAC,SA502,ACTATCTG,Favor19Microbiomes9Lines,
1B9,S3-PHG47-2,16SschemeA,B09,SA709,ACTACGAC,SA502,ACTATCTG,Favor19Microbiomes9Lines,
1B10,S3-LH60-2,16SschemeA,B10,SA710,GTCTGCTA,SA502,ACTATCTG,Favor19Microbiomes9Lines,
1B11,S6-FBB0-2,16SschemeA,B11,SA711,GTCTATGA,SA502,ACTATCTG,Favor19Microbiomes9Lines,
1B12,S6-764-2,16SschemeA,B12,SA712,TATAGCGA,SA502,ACTATCTG,Favor19Microbiomes9Lines,
1C1,S15-A554-2,16SschemeA,C01,SA701,CGAGAGTT,SA503,TAGCGAGT,Favor19Microbiomes9Lines,
1C2,S15-NC262-2,16SschemeA,C02,SA702,GACATAGT,SA503,TAGCGAGT,Favor19Microbiomes9Lines,
1C3,S15-FBB0-2,16SschemeA,C03,SA703,ACGCTACT,SA503,TAGCGAGT,Favor19Microbiomes9Lines,
1C4,S15-764-2,16SschemeA,C04,SA704,ACTCACTG,SA503,TAGCGAGT,Favor19Microbiomes9Lines,
1C5,S15-PHG47-2,16SschemeA,C05,SA705,TGAGTACG,SA503,TAGCGAGT,Favor19Microbiomes9Lines,
1C6,S15-B57-2,16SschemeA,C06,SA706,CTGCGTAG,SA503,TAGCGAGT,Favor19Microbiomes9Lines,
1C7,S15-PHG35-2,16SschemeA,C07,SA707,TAGTCTCC,SA503,TAGCGAGT,Favor19Microbiomes9Lines,
1C8,S15-LH60-2,16SschemeA,C08,SA708,CGAGCGAC,SA503,TAGCGAGT,Favor19Microbiomes9Lines,
1C9,S15-PHG39-2,16SschemeA,C09,SA709,ACTACGAC,SA503,TAGCGAGT,Favor19Microbiomes9Lines,
1C10,S15-HP301-2,16SschemeA,C10,SA710,GTCTGCTA,SA503,TAGCGAGT,Favor19Microbiomes9Lines,
1C11,S6-B57-2,16SschemeA,C11,SA711,GTCTATGA,SA503,TAGCGAGT,Favor19Microbiomes9Lines,
1C12,S6-PHG35-2,16SschemeA,C12,SA712,TATAGCGA,SA503,TAGCGAGT,Favor19Microbiomes9Lines,
1D1,S9-764-1,16SschemeA,D01,SA701,CGAGAGTT,SA504,CTGCGTGT,Favor19Microbiomes9Lines,
1D2,S9-B57-1,16SschemeA,D02,SA702,GACATAGT,SA504,CTGCGTGT,Favor19Microbiomes9Lines,
1D3,S9-A554-1,16SschemeA,D03,SA703,ACGCTACT,SA504,CTGCGTGT,Favor19Microbiomes9Lines,
1D4,S9-HP301-1,16SschemeA,D04,SA704,ACTCACTG,SA504,CTGCGTGT,Favor19Microbiomes9Lines,
1D5,S9-NC262-1,16SschemeA,D05,SA705,TGAGTACG,SA504,CTGCGTGT,Favor19Microbiomes9Lines,
1D6,S9-FBB0-1,16SschemeA,D06,SA706,CTGCGTAG,SA504,CTGCGTGT,Favor19Microbiomes9Lines,
1D7,S9-PHG39-1,16SschemeA,D07,SA707,TAGTCTCC,SA504,CTGCGTGT,Favor19Microbiomes9Lines,
1D8,S9-PHG47-1,16SschemeA,D08,SA708,CGAGCGAC,SA504,CTGCGTGT,Favor19Microbiomes9Lines,
1D9,S9-LH60-1,16SschemeA,D09,SA709,ACTACGAC,SA504,CTGCGTGT,Favor19Microbiomes9Lines,
1D10,S9-PHG35-1,16SschemeA,D10,SA710,GTCTGCTA,SA504,CTGCGTGT,Favor19Microbiomes9Lines,
1D11,S6-HP301-2,16SschemeA,D11,SA711,GTCTATGA,SA504,CTGCGTGT,Favor19Microbiomes9Lines,
1D12,S6-PHG39-2,16SschemeA,D12,SA712,TATAGCGA,SA504,CTGCGTGT,Favor19Microbiomes9Lines,
1.00E+01,S2-PHG39-1,16SschemeA,E01,SA701,CGAGAGTT,SA505,TCATCGAG,Favor19Microbiomes9Lines,
1.00E+02,S2-NC262-1,16SschemeA,E02,SA702,GACATAGT,SA505,TCATCGAG,Favor19Microbiomes9Lines,
1.00E+03,S2-LH60-1,16SschemeA,E03,SA703,ACGCTACT,SA505,TCATCGAG,Favor19Microbiomes9Lines,
1.00E+04,S2-PHG47-1,16SschemeA,E04,SA704,ACTCACTG,SA505,TCATCGAG,Favor19Microbiomes9Lines,
1.00E+05,S2-FBB0-1,16SschemeA,E05,SA705,TGAGTACG,SA505,TCATCGAG,Favor19Microbiomes9Lines,
1.00E+06,S2-HP301-1,16SschemeA,E06,SA706,CTGCGTAG,SA505,TCATCGAG,Favor19Microbiomes9Lines,
1.00E+07,S2-764-1,16SschemeA,E07,SA707,TAGTCTCC,SA505,TCATCGAG,Favor19Microbiomes9Lines,
1.00E+08,S2-B57-1,16SschemeA,E08,SA708,CGAGCGAC,SA505,TCATCGAG,Favor19Microbiomes9Lines,
1.00E+09,S2-A554-1,16SschemeA,E09,SA709,ACTACGAC,SA505,TCATCGAG,Favor19Microbiomes9Lines,
1.00E+10,S2-PHG35-1,16SschemeA,E10,SA710,GTCTGCTA,SA505,TCATCGAG,Favor19Microbiomes9Lines,
1.00E+11,S6-NC262-2,16SschemeA,E11,SA711,GTCTATGA,SA505,TCATCGAG,Favor19Microbiomes9Lines,
1.00E+12,S6-PHG47-2,16SschemeA,E12,SA712,TATAGCGA,SA505,TCATCGAG,Favor19Microbiomes9Lines,
1F1,S18-PHG47-1,16SschemeA,F01,SA701,CGAGAGTT,SA506,CGTGAGTG,Favor19Microbiomes9Lines,
1F2,S18-PHG35-1,16SschemeA,F02,SA702,GACATAGT,SA506,CGTGAGTG,Favor19Microbiomes9Lines,
1F3,S18-B57-1,16SschemeA,F03,SA703,ACGCTACT,SA506,CGTGAGTG,Favor19Microbiomes9Lines,
1F4,S18-HP301-1,16SschemeA,F04,SA704,ACTCACTG,SA506,CGTGAGTG,Favor19Microbiomes9Lines,
1F5,S18-FBB0-1,16SschemeA,F05,SA705,TGAGTACG,SA506,CGTGAGTG,Favor19Microbiomes9Lines,
1F6,S18-764-1,16SschemeA,F06,SA706,CTGCGTAG,SA506,CGTGAGTG,Favor19Microbiomes9Lines,
1F7,S18-NC262-1,16SschemeA,F07,SA707,TAGTCTCC,SA506,CGTGAGTG,Favor19Microbiomes9Lines,
1F8,S18-LH60-1,16SschemeA,F08,SA708,CGAGCGAC,SA506,CGTGAGTG,Favor19Microbiomes9Lines,
1F9,S18-A554-1,16SschemeA,F09,SA709,ACTACGAC,SA506,CGTGAGTG,Favor19Microbiomes9Lines,
1F10,S18-PHG39-1,16SschemeA,F10,SA710,GTCTGCTA,SA506,CGTGAGTG,Favor19Microbiomes9Lines,
1F11,PCRNC-1,16SschemeA,F11,SA711,GTCTATGA,SA506,CGTGAGTG,Favor19Microbiomes9Lines,
1F12,S20-A554-1,16SschemeA,F12,SA712,TATAGCGA,SA506,CGTGAGTG,Favor19Microbiomes9Lines,
1G1,S19-764-2,16SschemeA,G01,SA701,CGAGAGTT,SA507,GGATATCT,Favor19Microbiomes9Lines,
1G2,S19-LH60-2,16SschemeA,G02,SA702,GACATAGT,SA507,GGATATCT,Favor19Microbiomes9Lines,
1G3,S19-PHG47-2,16SschemeA,G03,SA703,ACGCTACT,SA507,GGATATCT,Favor19Microbiomes9Lines,
1G4,S19-HP301-2,16SschemeA,G04,SA704,ACTCACTG,SA507,GGATATCT,Favor19Microbiomes9Lines,
1G5,S19-PHG35-2,16SschemeA,G05,SA705,TGAGTACG,SA507,GGATATCT,Favor19Microbiomes9Lines,
1G6,S19-B57-2,16SschemeA,G06,SA706,CTGCGTAG,SA507,GGATATCT,Favor19Microbiomes9Lines,
1G7,S19-PHG39-2,16SschemeA,G07,SA707,TAGTCTCC,SA507,GGATATCT,Favor19Microbiomes9Lines,
1G8,S19-NC262-2,16SschemeA,G08,SA708,CGAGCGAC,SA507,GGATATCT,Favor19Microbiomes9Lines,
1G9,S19-FBB0-2,16SschemeA,G09,SA709,ACTACGAC,SA507,GGATATCT,Favor19Microbiomes9Lines,
1G10,S19-A554-2,16SschemeA,G10,SA710,GTCTGCTA,SA507,GGATATCT,Favor19Microbiomes9Lines,
1G11,S20-HP301-1,16SschemeA,G11,SA711,GTCTATGA,SA507,GGATATCT,Favor19Microbiomes9Lines,
1G12,DNANC-1,16SschemeA,G12,SA712,TATAGCGA,SA507,GGATATCT,Favor19Microbiomes9Lines,
1H1,S12-A554-1,16SschemeA,H01,SA701,CGAGAGTT,SA508,GACACCGT,Favor19Microbiomes9Lines,
1H2,S12-NC262-1,16SschemeA,H02,SA702,GACATAGT,SA508,GACACCGT,Favor19Microbiomes9Lines,
1H3,S12-PHG47-1,16SschemeA,H03,SA703,ACGCTACT,SA508,GACACCGT,Favor19Microbiomes9Lines,
1H4,S12-HP301-1,16SschemeA,H04,SA704,ACTCACTG,SA508,GACACCGT,Favor19Microbiomes9Lines,
1H5,S12-764-1,16SschemeA,H05,SA705,TGAGTACG,SA508,GACACCGT,Favor19Microbiomes9Lines,
1H6,S12-PHG39-1,16SschemeA,H06,SA706,CTGCGTAG,SA508,GACACCGT,Favor19Microbiomes9Lines,
1H7,S12-B57-1,16SschemeA,H07,SA707,TAGTCTCC,SA508,GACACCGT,Favor19Microbiomes9Lines,
1H8,S12-FBB0-1,16SschemeA,H08,SA708,CGAGCGAC,SA508,GACACCGT,Favor19Microbiomes9Lines,
1H9,S12-PHG35-1,16SschemeA,H09,SA709,ACTACGAC,SA508,GACACCGT,Favor19Microbiomes9Lines,
1H10,S12-LH60-1,16SschemeA,H10,SA710,GTCTGCTA,SA508,GACACCGT,Favor19Microbiomes9Lines,
1H11,S20-FBB0-1,16SschemeA,H11,SA711,GTCTATGA,SA508,GACACCGT,Favor19Microbiomes9Lines,
1H12,S20-B57-1,16SschemeA,H12,SA712,TATAGCGA,SA508,GACACCGT,Favor19Microbiomes9Lines,
2A1,S22-A554-1,16SschemeB,A01,SA701,CGAGAGTT,SB501,CTACTATA,Favor19Microbiomes9Lines,
2A2,S22-NC262-1,16SschemeB,A02,SA702,GACATAGT,SB501,CTACTATA,Favor19Microbiomes9Lines,
2A3,S22-B57-1,16SschemeB,A03,SA703,ACGCTACT,SB501,CTACTATA,Favor19Microbiomes9Lines,
2A4,S22-764-1,16SschemeB,A04,SA704,ACTCACTG,SB501,CTACTATA,Favor19Microbiomes9Lines,
2A5,S22-HP301-1,16SschemeB,A05,SA705,TGAGTACG,SB501,CTACTATA,Favor19Microbiomes9Lines,
2A6,S22-PHG47-1,16SschemeB,A06,SA706,CTGCGTAG,SB501,CTACTATA,Favor19Microbiomes9Lines,
2A7,S22-FBB0-1,16SschemeB,A07,SA707,TAGTCTCC,SB501,CTACTATA,Favor19Microbiomes9Lines,
2A8,S22-PHG39-1,16SschemeB,A08,SA708,CGAGCGAC,SB501,CTACTATA,Favor19Microbiomes9Lines,
2A9,S22-PHG35-1,16SschemeB,A09,SA709,ACTACGAC,SB501,CTACTATA,Favor19Microbiomes9Lines,
2A10,S22-LH60-1,16SschemeB,A10,SA710,GTCTGCTA,SB501,CTACTATA,Favor19Microbiomes9Lines,
2A11,S16-764-2,16SschemeB,A11,SA711,GTCTATGA,SB501,CTACTATA,Favor19Microbiomes9Lines,
2A12,S16-PHG39-2,16SschemeB,A12,SA712,TATAGCGA,SB501,CTACTATA,Favor19Microbiomes9Lines,
2B1,S24-FBB0-1,16SschemeB,B01,SA701,CGAGAGTT,SB502,CGTTACTA,Favor19Microbiomes9Lines,
2B2,S24-HP301-1,16SschemeB,B02,SA702,GACATAGT,SB502,CGTTACTA,Favor19Microbiomes9Lines,
2B3,S24-PHG35-1,16SschemeB,B03,SA703,ACGCTACT,SB502,CGTTACTA,Favor19Microbiomes9Lines,
2B4,S24-B57-1,16SschemeB,B04,SA704,ACTCACTG,SB502,CGTTACTA,Favor19Microbiomes9Lines,
2B5,S24-A554-1,16SschemeB,B05,SA705,TGAGTACG,SB502,CGTTACTA,Favor19Microbiomes9Lines,
2B6,S24-PHG47-1,16SschemeB,B06,SA706,CTGCGTAG,SB502,CGTTACTA,Favor19Microbiomes9Lines,
2B7,S24-764-1,16SschemeB,B07,SA707,TAGTCTCC,SB502,CGTTACTA,Favor19Microbiomes9Lines,
2B8,S24-NC262-1,16SschemeB,B08,SA708,CGAGCGAC,SB502,CGTTACTA,Favor19Microbiomes9Lines,
2B9,S24-LH60-1,16SschemeB,B09,SA709,ACTACGAC,SB502,CGTTACTA,Favor19Microbiomes9Lines,
2B10,S24-PHG39-1,16SschemeB,B10,SA710,GTCTGCTA,SB502,CGTTACTA,Favor19Microbiomes9Lines,
2B11,S16-LH60-2,16SschemeB,B11,SA711,GTCTATGA,SB502,CGTTACTA,Favor19Microbiomes9Lines,
2B12,S16-NC262-2,16SschemeB,B12,SA712,TATAGCGA,SB502,CGTTACTA,Favor19Microbiomes9Lines,
2C1,S14-NC262-1,16SschemeB,C01,SA701,CGAGAGTT,SB503,AGAGTCAC,Favor19Microbiomes9Lines,
2C2,S14-PHG47-1,16SschemeB,C02,SA702,GACATAGT,SB503,AGAGTCAC,Favor19Microbiomes9Lines,
2C3,S14-B57-1,16SschemeB,C03,SA703,ACGCTACT,SB503,AGAGTCAC,Favor19Microbiomes9Lines,
2C4,S14-A554-1,16SschemeB,C04,SA704,ACTCACTG,SB503,AGAGTCAC,Favor19Microbiomes9Lines,
2C5,S14-764-1,16SschemeB,C05,SA705,TGAGTACG,SB503,AGAGTCAC,Favor19Microbiomes9Lines,
2C6,S14-PHG39-1,16SschemeB,C06,SA706,CTGCGTAG,SB503,AGAGTCAC,Favor19Microbiomes9Lines,
2C7,S14-HP301-1,16SschemeB,C07,SA707,TAGTCTCC,SB503,AGAGTCAC,Favor19Microbiomes9Lines,
2C8,S14-LH60-1,16SschemeB,C08,SA708,CGAGCGAC,SB503,AGAGTCAC,Favor19Microbiomes9Lines,
2C9,S14-PHG35-1,16SschemeB,C09,SA709,ACTACGAC,SB503,AGAGTCAC,Favor19Microbiomes9Lines,
2C10,S14-FBB0-1,16SschemeB,C10,SA710,GTCTGCTA,SB503,AGAGTCAC,Favor19Microbiomes9Lines,
2C11,S16-HP301-2,16SschemeB,C11,SA711,GTCTATGA,SB503,AGAGTCAC,Favor19Microbiomes9Lines,
2C12,S16-A554-2,16SschemeB,C12,SA712,TATAGCGA,SB503,AGAGTCAC,Favor19Microbiomes9Lines,
2D1,S7-HP301-1,16SschemeB,D01,SA701,CGAGAGTT,SB504,TACGAGAC,Favor19Microbiomes9Lines,
2D2,S7-PHG47-1,16SschemeB,D02,SA702,GACATAGT,SB504,TACGAGAC,Favor19Microbiomes9Lines,
2D3,S7-764-1,16SschemeB,D03,SA703,ACGCTACT,SB504,TACGAGAC,Favor19Microbiomes9Lines,
2D4,S7-LH60-1,16SschemeB,D04,SA704,ACTCACTG,SB504,TACGAGAC,Favor19Microbiomes9Lines,
2D5,S7-FBB0-1,16SschemeB,D05,SA705,TGAGTACG,SB504,TACGAGAC,Favor19Microbiomes9Lines,
2D6,S7-PHG35-1,16SschemeB,D06,SA706,CTGCGTAG,SB504,TACGAGAC,Favor19Microbiomes9Lines,
2D7,S7-A554-1,16SschemeB,D07,SA707,TAGTCTCC,SB504,TACGAGAC,Favor19Microbiomes9Lines,
2D8,S7-NC262-1,16SschemeB,D08,SA708,CGAGCGAC,SB504,TACGAGAC,Favor19Microbiomes9Lines,
2D9,S7-PHG39-1,16SschemeB,D09,SA709,ACTACGAC,SB504,TACGAGAC,Favor19Microbiomes9Lines,
2D10,S7-B57-1,16SschemeB,D10,SA710,GTCTGCTA,SB504,TACGAGAC,Favor19Microbiomes9Lines,
2D11,S16-PHG35-2,16SschemeB,D11,SA711,GTCTATGA,SB504,TACGAGAC,Favor19Microbiomes9Lines,
2D12,S16-B57-2,16SschemeB,D12,SA712,TATAGCGA,SB504,TACGAGAC,Favor19Microbiomes9Lines,
2.00E+01,S4-PHG35-1,16SschemeB,E01,SA701,CGAGAGTT,SB505,ACGTCTCG,Favor19Microbiomes9Lines,
2.00E+02,S4-NC262-1,16SschemeB,E02,SA702,GACATAGT,SB505,ACGTCTCG,Favor19Microbiomes9Lines,
2.00E+03,S4-FBB0-1,16SschemeB,E03,SA703,ACGCTACT,SB505,ACGTCTCG,Favor19Microbiomes9Lines,
2.00E+04,S4-LH60-1,16SschemeB,E04,SA704,ACTCACTG,SB505,ACGTCTCG,Favor19Microbiomes9Lines,
2.00E+05,S4-A554-1,16SschemeB,E05,SA705,TGAGTACG,SB505,ACGTCTCG,Favor19Microbiomes9Lines,
2.00E+06,S4-764-1,16SschemeB,E06,SA706,CTGCGTAG,SB505,ACGTCTCG,Favor19Microbiomes9Lines,
2.00E+07,S4-PHG47-1,16SschemeB,E07,SA707,TAGTCTCC,SB505,ACGTCTCG,Favor19Microbiomes9Lines,
2.00E+08,S4-PHG39-1,16SschemeB,E08,SA708,CGAGCGAC,SB505,ACGTCTCG,Favor19Microbiomes9Lines,
2.00E+09,S4-HP301-1,16SschemeB,E09,SA709,ACTACGAC,SB505,ACGTCTCG,Favor19Microbiomes9Lines,
2.00E+10,S4-B57-1,16SschemeB,E10,SA710,GTCTGCTA,SB505,ACGTCTCG,Favor19Microbiomes9Lines,
2.00E+11,S16-PHG47-2,16SschemeB,E11,SA711,GTCTATGA,SB505,ACGTCTCG,Favor19Microbiomes9Lines,
2.00E+12,S16-FBB0-2,16SschemeB,E12,SA712,TATAGCGA,SB505,ACGTCTCG,Favor19Microbiomes9Lines,
2F1,S9-FBB0-2,16SschemeB,F01,SA701,CGAGAGTT,SB506,TCGACGAG,Favor19Microbiomes9Lines,
2F2,S9-HP301-2,16SschemeB,F02,SA702,GACATAGT,SB506,TCGACGAG,Favor19Microbiomes9Lines,
2F3,S9-PHG39-2,16SschemeB,F03,SA703,ACGCTACT,SB506,TCGACGAG,Favor19Microbiomes9Lines,
2F4,S9-B57-2,16SschemeB,F04,SA704,ACTCACTG,SB506,TCGACGAG,Favor19Microbiomes9Lines,
2F5,S9-PHG35-2,16SschemeB,F05,SA705,TGAGTACG,SB506,TCGACGAG,Favor19Microbiomes9Lines,
2F6,S9-LH60-2,16SschemeB,F06,SA706,CTGCGTAG,SB506,TCGACGAG,Favor19Microbiomes9Lines,
2F7,S9-A554-2,16SschemeB,F07,SA707,TAGTCTCC,SB506,TCGACGAG,Favor19Microbiomes9Lines,
2F8,S9-PHG47-2,16SschemeB,F08,SA708,CGAGCGAC,SB506,TCGACGAG,Favor19Microbiomes9Lines,
2F9,S9-NC262-2,16SschemeB,F09,SA709,ACTACGAC,SB506,TCGACGAG,Favor19Microbiomes9Lines,
2F10,S9-764-2,16SschemeB,F10,SA710,GTCTGCTA,SB506,TCGACGAG,Favor19Microbiomes9Lines,
2F11,PCRNC-2,16SschemeB,F11,SA711,GTCTATGA,SB506,TCGACGAG,Favor19Microbiomes9Lines,
2F12,S15-PHG47-1,16SschemeB,F12,SA712,TATAGCGA,SB506,TCGACGAG,Favor19Microbiomes9Lines,
2G1,S3-A554-1,16SschemeB,G01,SA701,CGAGAGTT,SB507,GATCGTGT,Favor19Microbiomes9Lines,
2G2,S3-PHG47-1,16SschemeB,G02,SA702,GACATAGT,SB507,GATCGTGT,Favor19Microbiomes9Lines,
2G3,S3-HP301-1,16SschemeB,G03,SA703,ACGCTACT,SB507,GATCGTGT,Favor19Microbiomes9Lines,
2G4,S3-LH60-1,16SschemeB,G04,SA704,ACTCACTG,SB507,GATCGTGT,Favor19Microbiomes9Lines,
2G5,S3-B57-1,16SschemeB,G05,SA705,TGAGTACG,SB507,GATCGTGT,Favor19Microbiomes9Lines,
2G6,S3-PHG39-1,16SschemeB,G06,SA706,CTGCGTAG,SB507,GATCGTGT,Favor19Microbiomes9Lines,
2G7,S3-PHG35-1,16SschemeB,G07,SA707,TAGTCTCC,SB507,GATCGTGT,Favor19Microbiomes9Lines,
2G8,S3-764-1,16SschemeB,G08,SA708,CGAGCGAC,SB507,GATCGTGT,Favor19Microbiomes9Lines,
2G9,S3-FBB0-1,16SschemeB,G09,SA709,ACTACGAC,SB507,GATCGTGT,Favor19Microbiomes9Lines,
2G10,S3-NC262-1,16SschemeB,G10,SA710,GTCTGCTA,SB507,GATCGTGT,Favor19Microbiomes9Lines,
2G11,S15-764-1,16SschemeB,G11,SA711,GTCTATGA,SB507,GATCGTGT,Favor19Microbiomes9Lines,
2G12,DNANC-2,16SschemeB,G12,SA712,TATAGCGA,SB507,GATCGTGT,Favor19Microbiomes9Lines,
2H1,S5-HP301-2,16SschemeB,H01,SA701,CGAGAGTT,SB508,GTCAGATA,Favor19Microbiomes9Lines,
2H2,S5-PHG35-2,16SschemeB,H02,SA702,GACATAGT,SB508,GTCAGATA,Favor19Microbiomes9Lines,
2H3,S5-FBB0-2,16SschemeB,H03,SA703,ACGCTACT,SB508,GTCAGATA,Favor19Microbiomes9Lines,
2H4,S5-LH60-2,16SschemeB,H04,SA704,ACTCACTG,SB508,GTCAGATA,Favor19Microbiomes9Lines,
2H5,S5-764-2,16SschemeB,H05,SA705,TGAGTACG,SB508,GTCAGATA,Favor19Microbiomes9Lines,
2H6,S5-PHG39-2,16SschemeB,H06,SA706,CTGCGTAG,SB508,GTCAGATA,Favor19Microbiomes9Lines,
2H7,S5-A554-2,16SschemeB,H07,SA707,TAGTCTCC,SB508,GTCAGATA,Favor19Microbiomes9Lines,
2H8,S5-B57-2,16SschemeB,H08,SA708,CGAGCGAC,SB508,GTCAGATA,Favor19Microbiomes9Lines,
2H9,S5-NC262-2,16SschemeB,H09,SA709,ACTACGAC,SB508,GTCAGATA,Favor19Microbiomes9Lines,
2H10,S5-PHG47-2,16SschemeB,H10,SA710,GTCTGCTA,SB508,GTCAGATA,Favor19Microbiomes9Lines,
2H11,S15-NC262-1,16SschemeB,H11,SA711,GTCTATGA,SB508,GTCAGATA,Favor19Microbiomes9Lines,
2H12,S15-A554-1,16SschemeB,H12,SA712,TATAGCGA,SB508,GTCAGATA,Favor19Microbiomes9Lines,
3A1,S21-A554-2,16SschemeC,A01,SB701,CTCGACTT,SB501,CTACTATA,Favor19Microbiomes9Lines,
3A2,S21-NC262-2,16SschemeC,A02,SB702,CGAAGTAT,SB501,CTACTATA,Favor19Microbiomes9Lines,
3A3,S21-B57-2,16SschemeC,A03,SB703,TAGCAGCT,SB501,CTACTATA,Favor19Microbiomes9Lines,
3A4,S21-FBB0-2,16SschemeC,A04,SB704,TCTCTATG,SB501,CTACTATA,Favor19Microbiomes9Lines,
3A5,S21-HP301-2,16SschemeC,A05,SB705,GATCTACG,SB501,CTACTATA,Favor19Microbiomes9Lines,
3A6,S21-PHG47-2,16SschemeC,A06,SB706,GTAACGAG,SB501,CTACTATA,Favor19Microbiomes9Lines,
3A7,S21-LH60-2,16SschemeC,A07,SB707,ACGTGCGC,SB501,CTACTATA,Favor19Microbiomes9Lines,
3A8,S21-PHG39-2,16SschemeC,A08,SB708,ATAGTACC,SB501,CTACTATA,Favor19Microbiomes9Lines,
3A9,S21-PHG35-2,16SschemeC,A09,SB709,GCGTATAC,SB501,CTACTATA,Favor19Microbiomes9Lines,
3A10,S21-764-2,16SschemeC,A10,SB710,TGCTCGTA,SB501,CTACTATA,Favor19Microbiomes9Lines,
3A11,S17-PHG35-1,16SschemeC,A11,SB711,AACGCTGA,SB501,CTACTATA,Favor19Microbiomes9Lines,
3A12,S17-PHG39-1,16SschemeC,A12,SB712,CGTAGCGA,SB501,CTACTATA,Favor19Microbiomes9Lines,
3B1,S22-HP301-2,16SschemeC,B01,SB701,CTCGACTT,SB502,CGTTACTA,Favor19Microbiomes9Lines,
3B2,S22-B57-2,16SschemeC,B02,SB702,CGAAGTAT,SB502,CGTTACTA,Favor19Microbiomes9Lines,
3B3,S22-PHG39-2,16SschemeC,B03,SB703,TAGCAGCT,SB502,CGTTACTA,Favor19Microbiomes9Lines,
3B4,S22-PHG47-2,16SschemeC,B04,SB704,TCTCTATG,SB502,CGTTACTA,Favor19Microbiomes9Lines,
3B5,S22-A554-2,16SschemeC,B05,SB705,GATCTACG,SB502,CGTTACTA,Favor19Microbiomes9Lines,
3B6,S22-FBB0-2,16SschemeC,B06,SB706,GTAACGAG,SB502,CGTTACTA,Favor19Microbiomes9Lines,
3B7,S22-LH60-2,16SschemeC,B07,SB707,ACGTGCGC,SB502,CGTTACTA,Favor19Microbiomes9Lines,
3B8,S22-764-2,16SschemeC,B08,SB708,ATAGTACC,SB502,CGTTACTA,Favor19Microbiomes9Lines,
3B9,S22-NC262-2,16SschemeC,B09,SB709,GCGTATAC,SB502,CGTTACTA,Favor19Microbiomes9Lines,
3B10,S22-PHG35-2,16SschemeC,B10,SB710,TGCTCGTA,SB502,CGTTACTA,Favor19Microbiomes9Lines,
3B11,S17-NC262-1,16SschemeC,B11,SB711,AACGCTGA,SB502,CGTTACTA,Favor19Microbiomes9Lines,
3B12,S17-FBB0-1,16SschemeC,B12,SB712,CGTAGCGA,SB502,CGTTACTA,Favor19Microbiomes9Lines,
3C1,S4-B57-2,16SschemeC,C01,SB701,CTCGACTT,SB503,AGAGTCAC,Favor19Microbiomes9Lines,
3C2,S4-PHG39-2,16SschemeC,C02,SB702,CGAAGTAT,SB503,AGAGTCAC,Favor19Microbiomes9Lines,
3C3,S4-764-2,16SschemeC,C03,SB703,TAGCAGCT,SB503,AGAGTCAC,Favor19Microbiomes9Lines,
3C4,S4-NC262-2,16SschemeC,C04,SB704,TCTCTATG,SB503,AGAGTCAC,Favor19Microbiomes9Lines,
3C5,S4-LH60-2,16SschemeC,C05,SB705,GATCTACG,SB503,AGAGTCAC,Favor19Microbiomes9Lines,
3C6,S4-FBB0-2,16SschemeC,C06,SB706,GTAACGAG,SB503,AGAGTCAC,Favor19Microbiomes9Lines,
3C7,S4-PHG47-2,16SschemeC,C07,SB707,ACGTGCGC,SB503,AGAGTCAC,Favor19Microbiomes9Lines,
3C8,S4-A554-2,16SschemeC,C08,SB708,ATAGTACC,SB503,AGAGTCAC,Favor19Microbiomes9Lines,
3C9,S4-PHG35-2,16SschemeC,C09,SB709,GCGTATAC,SB503,AGAGTCAC,Favor19Microbiomes9Lines,
3C10,S4-HP301-2,16SschemeC,C10,SB710,TGCTCGTA,SB503,AGAGTCAC,Favor19Microbiomes9Lines,
3C11,S17-764-1,16SschemeC,C11,SB711,AACGCTGA,SB503,AGAGTCAC,Favor19Microbiomes9Lines,
3C12,S17-HP301-1,16SschemeC,C12,SB712,CGTAGCGA,SB503,AGAGTCAC,Favor19Microbiomes9Lines,
3D1,S14-HP301-2,16SschemeC,D01,SB701,CTCGACTT,SB504,TACGAGAC,Favor19Microbiomes9Lines,
3D2,S14-B57-2,16SschemeC,D02,SB702,CGAAGTAT,SB504,TACGAGAC,Favor19Microbiomes9Lines,
3D3,S14-PHG35-2,16SschemeC,D03,SB703,TAGCAGCT,SB504,TACGAGAC,Favor19Microbiomes9Lines,
3D4,S14-NC262-2,16SschemeC,D04,SB704,TCTCTATG,SB504,TACGAGAC,Favor19Microbiomes9Lines,
3D5,S14-A554-2,16SschemeC,D05,SB705,GATCTACG,SB504,TACGAGAC,Favor19Microbiomes9Lines,
3D6,S14-FBB0-2,16SschemeC,D06,SB706,GTAACGAG,SB504,TACGAGAC,Favor19Microbiomes9Lines,
3D7,S14-764-2,16SschemeC,D07,SB707,ACGTGCGC,SB504,TACGAGAC,Favor19Microbiomes9Lines,
3D8,S14-LH60-2,16SschemeC,D08,SB708,ATAGTACC,SB504,TACGAGAC,Favor19Microbiomes9Lines,
3D9,S14-PHG39-2,16SschemeC,D09,SB709,GCGTATAC,SB504,TACGAGAC,Favor19Microbiomes9Lines,
3D10,S14-PHG47-2,16SschemeC,D10,SB710,TGCTCGTA,SB504,TACGAGAC,Favor19Microbiomes9Lines,
3D11,S17-A554-1,16SschemeC,D11,SB711,AACGCTGA,SB504,TACGAGAC,Favor19Microbiomes9Lines,
3D12,S17-PHG47-1,16SschemeC,D12,SB712,CGTAGCGA,SB504,TACGAGAC,Favor19Microbiomes9Lines,
3.00E+01,S20-NC262-2,16SschemeC,E01,SB701,CTCGACTT,SB505,ACGTCTCG,Favor19Microbiomes9Lines,
3.00E+02,S20-B57-2,16SschemeC,E02,SB702,CGAAGTAT,SB505,ACGTCTCG,Favor19Microbiomes9Lines,
3.00E+03,S20-764-2,16SschemeC,E03,SB703,TAGCAGCT,SB505,ACGTCTCG,Favor19Microbiomes9Lines,
3.00E+04,S20-LH60-2,16SschemeC,E04,SB704,TCTCTATG,SB505,ACGTCTCG,Favor19Microbiomes9Lines,
3.00E+05,S20-PHG39-2,16SschemeC,E05,SB705,GATCTACG,SB505,ACGTCTCG,Favor19Microbiomes9Lines,
3.00E+06,S20-HP301-2,16SschemeC,E06,SB706,GTAACGAG,SB505,ACGTCTCG,Favor19Microbiomes9Lines,
3.00E+07,S20-A554-2,16SschemeC,E07,SB707,ACGTGCGC,SB505,ACGTCTCG,Favor19Microbiomes9Lines,
3.00E+08,S20-FBB0-2,16SschemeC,E08,SB708,ATAGTACC,SB505,ACGTCTCG,Favor19Microbiomes9Lines,
3.00E+09,S20-PHG35-2,16SschemeC,E09,SB709,GCGTATAC,SB505,ACGTCTCG,Favor19Microbiomes9Lines,
3.00E+10,S20-PHG47-2,16SschemeC,E10,SB710,TGCTCGTA,SB505,ACGTCTCG,Favor19Microbiomes9Lines,
3.00E+11,S17-LH60-1,16SschemeC,E11,SB711,AACGCTGA,SB505,ACGTCTCG,Favor19Microbiomes9Lines,
3.00E+12,S17-B57-1,16SschemeC,E12,SB712,CGTAGCGA,SB505,ACGTCTCG,Favor19Microbiomes9Lines,
3F1,S24-NC262-2,16SschemeC,F01,SB701,CTCGACTT,SB506,TCGACGAG,Favor19Microbiomes9Lines,
3F2,S24-LH60-2,16SschemeC,F02,SB702,CGAAGTAT,SB506,TCGACGAG,Favor19Microbiomes9Lines,
3F3,S24-PHG39-2,16SschemeC,F03,SB703,TAGCAGCT,SB506,TCGACGAG,Favor19Microbiomes9Lines,
3F4,S24-PHG47-2,16SschemeC,F04,SB704,TCTCTATG,SB506,TCGACGAG,Favor19Microbiomes9Lines,
3F5,S24-764-2,16SschemeC,F05,SB705,GATCTACG,SB506,TCGACGAG,Favor19Microbiomes9Lines,
3F6,S24-HP301-2,16SschemeC,F06,SB706,GTAACGAG,SB506,TCGACGAG,Favor19Microbiomes9Lines,
3F7,S24-B57-2,16SschemeC,F07,SB707,ACGTGCGC,SB506,TCGACGAG,Favor19Microbiomes9Lines,
3F8,S24-PHG35-2,16SschemeC,F08,SB708,ATAGTACC,SB506,TCGACGAG,Favor19Microbiomes9Lines,
3F9,S24-FBB0-2,16SschemeC,F09,SB709,GCGTATAC,SB506,TCGACGAG,Favor19Microbiomes9Lines,
3F10,S24-A554-2,16SschemeC,F10,SB710,TGCTCGTA,SB506,TCGACGAG,Favor19Microbiomes9Lines,
3F11,DNANC-3,16SschemeC,F11,SB711,AACGCTGA,SB506,TCGACGAG,Favor19Microbiomes9Lines,
3F12,S20-PHG47-1,16SschemeC,F12,SB712,CGTAGCGA,SB506,TCGACGAG,Favor19Microbiomes9Lines,
3G1,S18-764-2,16SschemeC,G01,SB701,CTCGACTT,SB507,GATCGTGT,Favor19Microbiomes9Lines,
3G2,S18-PHG39-2,16SschemeC,G02,SB702,CGAAGTAT,SB507,GATCGTGT,Favor19Microbiomes9Lines,
3G3,S18-PHG35-2,16SschemeC,G03,SB703,TAGCAGCT,SB507,GATCGTGT,Favor19Microbiomes9Lines,
3G4,S18-PHG47-2,16SschemeC,G04,SB704,TCTCTATG,SB507,GATCGTGT,Favor19Microbiomes9Lines,
3G5,S18-FBB0-2,16SschemeC,G05,SB705,GATCTACG,SB507,GATCGTGT,Favor19Microbiomes9Lines,
3G6,S18-B57-2,16SschemeC,G06,SB706,GTAACGAG,SB507,GATCGTGT,Favor19Microbiomes9Lines,
3G7,S18-NC262-2,16SschemeC,G07,SB707,ACGTGCGC,SB507,GATCGTGT,Favor19Microbiomes9Lines,
3G8,S18-A554-2,16SschemeC,G08,SB708,ATAGTACC,SB507,GATCGTGT,Favor19Microbiomes9Lines,
3G9,S18-LH60-2,16SschemeC,G09,SB709,GCGTATAC,SB507,GATCGTGT,Favor19Microbiomes9Lines,
3G10,S18-HP301-2,16SschemeC,G10,SB710,TGCTCGTA,SB507,GATCGTGT,Favor19Microbiomes9Lines,
3G11,S20-NC262-1,16SschemeC,G11,SB711,AACGCTGA,SB507,GATCGTGT,Favor19Microbiomes9Lines,
3G12,S20-PHG39-1,16SschemeC,G12,SB712,CGTAGCGA,SB507,GATCGTGT,Favor19Microbiomes9Lines,
3H1,S1-PHG39-1,16SschemeC,H01,SB701,CTCGACTT,SB508,GTCAGATA,Favor19Microbiomes9Lines,
3H2,S1-NC262-1,16SschemeC,H02,SB702,CGAAGTAT,SB508,GTCAGATA,Favor19Microbiomes9Lines,
3H3,S1-PHG35-1,16SschemeC,H03,SB703,TAGCAGCT,SB508,GTCAGATA,Favor19Microbiomes9Lines,
3H4,S1-B57-1,16SschemeC,H04,SB704,TCTCTATG,SB508,GTCAGATA,Favor19Microbiomes9Lines,
3H5,S1-A554-1,16SschemeC,H05,SB705,GATCTACG,SB508,GTCAGATA,Favor19Microbiomes9Lines,
3H6,S1-FBB0-1,16SschemeC,H06,SB706,GTAACGAG,SB508,GTCAGATA,Favor19Microbiomes9Lines,
3H7,S1-764-1,16SschemeC,H07,SB707,ACGTGCGC,SB508,GTCAGATA,Favor19Microbiomes9Lines,
3H8,S1-PHG47-1,16SschemeC,H08,SB708,ATAGTACC,SB508,GTCAGATA,Favor19Microbiomes9Lines,
3H9,S1-HP301-1,16SschemeC,H09,SB709,GCGTATAC,SB508,GTCAGATA,Favor19Microbiomes9Lines,
3H10,S1-LH60-1,16SschemeC,H10,SB710,TGCTCGTA,SB508,GTCAGATA,Favor19Microbiomes9Lines,
3H11,S20-764-1,16SschemeC,H11,SB711,AACGCTGA,SB508,GTCAGATA,Favor19Microbiomes9Lines,
3H12,PCRNC-3,16SschemeC,H12,SB712,CGTAGCGA,SB508,GTCAGATA,Favor19Microbiomes9Lines,
4A1,S5-A554-1,16SschemeD,A01,SB701,CTCGACTT,SA501,ATCGTACG,Favor19Microbiomes9Lines,
4A2,S5-PHG47-1,16SschemeD,A02,SB702,CGAAGTAT,SA501,ATCGTACG,Favor19Microbiomes9Lines,
4A3,S5-PHG35-1,16SschemeD,A03,SB703,TAGCAGCT,SA501,ATCGTACG,Favor19Microbiomes9Lines,
4A4,S5-FBB0-1,16SschemeD,A04,SB704,TCTCTATG,SA501,ATCGTACG,Favor19Microbiomes9Lines,
4A5,S5-LH60-1,16SschemeD,A05,SB705,GATCTACG,SA501,ATCGTACG,Favor19Microbiomes9Lines,
4A6,S5-764-1,16SschemeD,A06,SB706,GTAACGAG,SA501,ATCGTACG,Favor19Microbiomes9Lines,
4A7,S5-PHG39-1,16SschemeD,A07,SB707,ACGTGCGC,SA501,ATCGTACG,Favor19Microbiomes9Lines,
4A8,S5-HP301-1,16SschemeD,A08,SB708,ATAGTACC,SA501,ATCGTACG,Favor19Microbiomes9Lines,
4A9,S5-B57-1,16SschemeD,A09,SB709,GCGTATAC,SA501,ATCGTACG,Favor19Microbiomes9Lines,
4A10,S5-NC262-1,16SschemeD,A10,SB710,TGCTCGTA,SA501,ATCGTACG,Favor19Microbiomes9Lines,
4A11,S1-LH60-2,16SschemeD,A11,SB711,AACGCTGA,SA501,ATCGTACG,Favor19Microbiomes9Lines,
4A12,S1-764-2,16SschemeD,A12,SB712,CGTAGCGA,SA501,ATCGTACG,Favor19Microbiomes9Lines,
4B1,S19-PHG35-1,16SschemeD,B01,SB701,CTCGACTT,SA502,ACTATCTG,Favor19Microbiomes9Lines,
4B2,S19-LH60-1,16SschemeD,B02,SB702,CGAAGTAT,SA502,ACTATCTG,Favor19Microbiomes9Lines,
4B3,S19-B57-1,16SschemeD,B03,SB703,TAGCAGCT,SA502,ACTATCTG,Favor19Microbiomes9Lines,
4B4,S19-PHG39-1,16SschemeD,B04,SB704,TCTCTATG,SA502,ACTATCTG,Favor19Microbiomes9Lines,
4B5,S19-764-1,16SschemeD,B05,SB705,GATCTACG,SA502,ACTATCTG,Favor19Microbiomes9Lines,
4B6,S19-NC262-1,16SschemeD,B06,SB706,GTAACGAG,SA502,ACTATCTG,Favor19Microbiomes9Lines,
4B7,S19-PHG47-1,16SschemeD,B07,SB707,ACGTGCGC,SA502,ACTATCTG,Favor19Microbiomes9Lines,
4B8,S19-FBB0-1,16SschemeD,B08,SB708,ATAGTACC,SA502,ACTATCTG,Favor19Microbiomes9Lines,
4B9,S19-A554-1,16SschemeD,B09,SB709,GCGTATAC,SA502,ACTATCTG,Favor19Microbiomes9Lines,
4B10,S19-HP301-1,16SschemeD,B10,SB710,TGCTCGTA,SA502,ACTATCTG,Favor19Microbiomes9Lines,
4B11,S1-PHG39-2,16SschemeD,B11,SB711,AACGCTGA,SA502,ACTATCTG,Favor19Microbiomes9Lines,
4B12,S1-PHG35-2,16SschemeD,B12,SB712,CGTAGCGA,SA502,ACTATCTG,Favor19Microbiomes9Lines,
4C1,S16-LH60-1,16SschemeD,C01,SB701,CTCGACTT,SA503,TAGCGAGT,Favor19Microbiomes9Lines,
4C2,S16-764-1,16SschemeD,C02,SB702,CGAAGTAT,SA503,TAGCGAGT,Favor19Microbiomes9Lines,
4C3,S16-HP301-1,16SschemeD,C03,SB703,TAGCAGCT,SA503,TAGCGAGT,Favor19Microbiomes9Lines,
4C4,S16-PHG47-1,16SschemeD,C04,SB704,TCTCTATG,SA503,TAGCGAGT,Favor19Microbiomes9Lines,
4C5,S16-NC262-1,16SschemeD,C05,SB705,GATCTACG,SA503,TAGCGAGT,Favor19Microbiomes9Lines,
4C6,S16-PHG39-1,16SschemeD,C06,SB706,GTAACGAG,SA503,TAGCGAGT,Favor19Microbiomes9Lines,
4C7,S16-FBB0-1,16SschemeD,C07,SB707,ACGTGCGC,SA503,TAGCGAGT,Favor19Microbiomes9Lines,
4C8,S16-PHG35-1,16SschemeD,C08,SB708,ATAGTACC,SA503,TAGCGAGT,Favor19Microbiomes9Lines,
4C9,S16-B57-1,16SschemeD,C09,SB709,GCGTATAC,SA503,TAGCGAGT,Favor19Microbiomes9Lines,
4C10,S16-A554-1,16SschemeD,C10,SB710,TGCTCGTA,SA503,TAGCGAGT,Favor19Microbiomes9Lines,
4C11,S1-B57-2,16SschemeD,C11,SB711,AACGCTGA,SA503,TAGCGAGT,Favor19Microbiomes9Lines,
4C12,S1-FBB0-2,16SschemeD,C12,SB712,CGTAGCGA,SA503,TAGCGAGT,Favor19Microbiomes9Lines,
4D1,S6-764-1,16SschemeD,D01,SB701,CTCGACTT,SA504,CTGCGTGT,Favor19Microbiomes9Lines,
4D2,S6-A554-1,16SschemeD,D02,SB702,CGAAGTAT,SA504,CTGCGTGT,Favor19Microbiomes9Lines,
4D3,S6-PHG35-1,16SschemeD,D03,SB703,TAGCAGCT,SA504,CTGCGTGT,Favor19Microbiomes9Lines,
4D4,S6-HP301-1,16SschemeD,D04,SB704,TCTCTATG,SA504,CTGCGTGT,Favor19Microbiomes9Lines,
4D5,S6-PHG39-1,16SschemeD,D05,SB705,GATCTACG,SA504,CTGCGTGT,Favor19Microbiomes9Lines,
4D6,S6-LH60-1,16SschemeD,D06,SB706,GTAACGAG,SA504,CTGCGTGT,Favor19Microbiomes9Lines,
4D7,S6-B57-1,16SschemeD,D07,SB707,ACGTGCGC,SA504,CTGCGTGT,Favor19Microbiomes9Lines,
4D8,S6-PHG47-1,16SschemeD,D08,SB708,ATAGTACC,SA504,CTGCGTGT,Favor19Microbiomes9Lines,
4D9,S6-FBB0-1,16SschemeD,D09,SB709,GCGTATAC,SA504,CTGCGTGT,Favor19Microbiomes9Lines,
4D10,S6-NC262-1,16SschemeD,D10,SB710,TGCTCGTA,SA504,CTGCGTGT,Favor19Microbiomes9Lines,
4D11,S1-HP301-2,16SschemeD,D11,SB711,AACGCTGA,SA504,CTGCGTGT,Favor19Microbiomes9Lines,
4D12,S1-PHG47-2,16SschemeD,D12,SB712,CGTAGCGA,SA504,CTGCGTGT,Favor19Microbiomes9Lines,
4.00E+01,S2-B57-2,16SschemeD,E01,SB701,CTCGACTT,SA505,TCATCGAG,Favor19Microbiomes9Lines,
4.00E+02,S2-PHG35-2,16SschemeD,E02,SB702,CGAAGTAT,SA505,TCATCGAG,Favor19Microbiomes9Lines,
4.00E+03,S2-NC262-2,16SschemeD,E03,SB703,TAGCAGCT,SA505,TCATCGAG,Favor19Microbiomes9Lines,
4.00E+04,S2-LH60-2,16SschemeD,E04,SB704,TCTCTATG,SA505,TCATCGAG,Favor19Microbiomes9Lines,
4.00E+05,S2-FBB0-2,16SschemeD,E05,SB705,GATCTACG,SA505,TCATCGAG,Favor19Microbiomes9Lines,
4.00E+06,S2-PHG47-2,16SschemeD,E06,SB706,GTAACGAG,SA505,TCATCGAG,Favor19Microbiomes9Lines,
4.00E+07,S2-A554-2,16SschemeD,E07,SB707,ACGTGCGC,SA505,TCATCGAG,Favor19Microbiomes9Lines,
4.00E+08,S2-HP301-2,16SschemeD,E08,SB708,ATAGTACC,SA505,TCATCGAG,Favor19Microbiomes9Lines,
4.00E+09,S2-764-2,16SschemeD,E09,SB709,GCGTATAC,SA505,TCATCGAG,Favor19Microbiomes9Lines,
4.00E+10,S2-PHG39-2,16SschemeD,E10,SB710,TGCTCGTA,SA505,TCATCGAG,Favor19Microbiomes9Lines,
4.00E+11,S1-A554-2,16SschemeD,E11,SB711,AACGCTGA,SA505,TCATCGAG,Favor19Microbiomes9Lines,
4.00E+12,S1-NC262-2,16SschemeD,E12,SB712,CGTAGCGA,SA505,TCATCGAG,Favor19Microbiomes9Lines,
4F1,S21-PHG47-1,16SschemeD,F01,SB701,CTCGACTT,SA506,CGTGAGTG,Favor19Microbiomes9Lines,
4F2,S21-PHG39-1,16SschemeD,F02,SB702,CGAAGTAT,SA506,CGTGAGTG,Favor19Microbiomes9Lines,
4F3,S21-FBB0-1,16SschemeD,F03,SB703,TAGCAGCT,SA506,CGTGAGTG,Favor19Microbiomes9Lines,
4F4,S21-B57-1,16SschemeD,F04,SB704,TCTCTATG,SA506,CGTGAGTG,Favor19Microbiomes9Lines,
4F5,S21-HP301-1,16SschemeD,F05,SB705,GATCTACG,SA506,CGTGAGTG,Favor19Microbiomes9Lines,
4F6,S21-764-1,16SschemeD,F06,SB706,GTAACGAG,SA506,CGTGAGTG,Favor19Microbiomes9Lines,
4F7,S21-PHG35-1,16SschemeD,F07,SB707,ACGTGCGC,SA506,CGTGAGTG,Favor19Microbiomes9Lines,
4F8,S21-NC262-1,16SschemeD,F08,SB708,ATAGTACC,SA506,CGTGAGTG,Favor19Microbiomes9Lines,
4F9,S21-A554-1,16SschemeD,F09,SB709,GCGTATAC,SA506,CGTGAGTG,Favor19Microbiomes9Lines,
4F10,S21-LH60-1,16SschemeD,F10,SB710,TGCTCGTA,SA506,CGTGAGTG,Favor19Microbiomes9Lines,
4F11,DNANC-4,16SschemeD,F11,SB711,AACGCTGA,SA506,CGTGAGTG,Favor19Microbiomes9Lines,
4F12,S15-FBB0-1,16SschemeD,F12,SB712,CGTAGCGA,SA506,CGTGAGTG,Favor19Microbiomes9Lines,
4G1,S17-764-2,16SschemeD,G01,SB701,CTCGACTT,SA507,GGATATCT,Favor19Microbiomes9Lines,
4G2,S17-PHG47-2,16SschemeD,G02,SB702,CGAAGTAT,SA507,GGATATCT,Favor19Microbiomes9Lines,
4G3,S17-A554-2,16SschemeD,G03,SB703,TAGCAGCT,SA507,GGATATCT,Favor19Microbiomes9Lines,
4G4,S17-PHG39-2,16SschemeD,G04,SB704,TCTCTATG,SA507,GGATATCT,Favor19Microbiomes9Lines,
4G5,S17-LH60-2,16SschemeD,G05,SB705,GATCTACG,SA507,GGATATCT,Favor19Microbiomes9Lines,
4G6,S17-FBB0-2,16SschemeD,G06,SB706,GTAACGAG,SA507,GGATATCT,Favor19Microbiomes9Lines,
4G7,S17-PHG35-2,16SschemeD,G07,SB707,ACGTGCGC,SA507,GGATATCT,Favor19Microbiomes9Lines,
4G8,S17-B57-2,16SschemeD,G08,SB708,ATAGTACC,SA507,GGATATCT,Favor19Microbiomes9Lines,
4G9,S17-NC262-2,16SschemeD,G09,SB709,GCGTATAC,SA507,GGATATCT,Favor19Microbiomes9Lines,
4G10,S17-HP301-2,16SschemeD,G10,SB710,TGCTCGTA,SA507,GGATATCT,Favor19Microbiomes9Lines,
4G11,S15-PHG39-1,16SschemeD,G11,SB711,AACGCTGA,SA507,GGATATCT,Favor19Microbiomes9Lines,
4G12,S15-HP301-1,16SschemeD,G12,SB712,CGTAGCGA,SA507,GGATATCT,Favor19Microbiomes9Lines,
4H1,S7-PHG47-2,16SschemeD,H01,SB701,CTCGACTT,SA508,GACACCGT,Favor19Microbiomes9Lines,
4H2,S7-A554-2,16SschemeD,H02,SB702,CGAAGTAT,SA508,GACACCGT,Favor19Microbiomes9Lines,
4H3,S7-LH60-2,16SschemeD,H03,SB703,TAGCAGCT,SA508,GACACCGT,Favor19Microbiomes9Lines,
4H4,S7-PHG35-2,16SschemeD,H04,SB704,TCTCTATG,SA508,GACACCGT,Favor19Microbiomes9Lines,
4H5,S7-B57-2,16SschemeD,H05,SB705,GATCTACG,SA508,GACACCGT,Favor19Microbiomes9Lines,
4H6,S7-HP301-2,16SschemeD,H06,SB706,GTAACGAG,SA508,GACACCGT,Favor19Microbiomes9Lines,
4H7,S7-764-2,16SschemeD,H07,SB707,ACGTGCGC,SA508,GACACCGT,Favor19Microbiomes9Lines,
4H8,S7-PHG39-2,16SschemeD,H08,SB708,ATAGTACC,SA508,GACACCGT,Favor19Microbiomes9Lines,
4H9,S7-NC262-2,16SschemeD,H09,SB709,GCGTATAC,SA508,GACACCGT,Favor19Microbiomes9Lines,
4H10,S7-FBB0-2,16SschemeD,H10,SB710,TGCTCGTA,SA508,GACACCGT,Favor19Microbiomes9Lines,
4H11,PCRNC-4,16SschemeD,H11,SB711,AACGCTGA,SA508,GACACCGT,Favor19Microbiomes9Lines,
4H12,S15-B57-1,16SschemeD,H12,SB712,CGTAGCGA,SA508,GACACCGT,Favor19Microbiomes9Lines,